<keymap version="1" name="Windows copy 1" parent="$default">
  <action id="ActivateRunToolWindow">
    <keyboard-shortcut first-keystroke="back_quote" />
  </action>
  <action id="ActivateTerminalToolWindow">
    <keyboard-shortcut first-keystroke="alt back_quote" />
  </action>
  <action id="AutoIndentLines">
    <keyboard-shortcut first-keystroke="ctrl s" />
  </action>
  <action id="ChooseRunConfiguration" />
  <action id="NewClass">
    <keyboard-shortcut first-keystroke="ctrl semicolon" />
  </action>
  <action id="QuickChangeScheme" />
  <action id="RunClass">
    <keyboard-shortcut first-keystroke="ctrl back_quote" />
  </action>
  <action id="RunTargetAction" />
  <action id="SaveAll">
    <keyboard-shortcut first-keystroke="shift ctrl s" />
  </action>
  <action id="Vcs.QuickListPopupAction" />
  <action id="org.intellij.plugins.markdown.ui.actions.styling.ToggleStrikethroughAction" />
</keymap>