<keymap version="1" name="Windows copy 1 Proper Redo" parent="$default">
  <action id="$Redo">
    <keyboard-shortcut first-keystroke="shift ctrl z" />
    <keyboard-shortcut first-keystroke="shift alt back_space" />
    <keyboard-shortcut first-keystroke="ctrl y" />
  </action>
  <action id="ActivateRunToolWindow">
    <keyboard-shortcut first-keystroke="back_quote" />
  </action>
  <action id="ActivateTerminalToolWindow">
    <keyboard-shortcut first-keystroke="alt back_quote" />
  </action>
  <action id="AutoIndentLines" />
  <action id="ChooseRunConfiguration" />
  <action id="EditorDeleteLine" />
  <action id="NewClass">
    <keyboard-shortcut first-keystroke="ctrl semicolon" />
  </action>
  <action id="Print">
    <keyboard-shortcut first-keystroke="pause" />
  </action>
  <action id="QuickChangeScheme" />
  <action id="ReformatCode">
    <keyboard-shortcut first-keystroke="ctrl s" />
  </action>
  <action id="RunClass">
    <keyboard-shortcut first-keystroke="ctrl back_quote" />
  </action>
  <action id="RunTargetAction" />
  <action id="SaveAll">
    <keyboard-shortcut first-keystroke="shift ctrl s" />
  </action>
  <action id="Vcs.QuickListPopupAction" />
  <action id="org.intellij.plugins.markdown.ui.actions.styling.ToggleStrikethroughAction" />
</keymap>