<application>
  <component name="PrintSettings">
    <option name="printScope" value="1" />
    <option name="COLOR_PRINTING" value="true" />
    <option name="FONT_NAME" value="Consolas" />
    <option name="FONT_SIZE" value="12" />
    <option name="TOP_MARGIN" value="0.3" />
    <option name="BOTTOM_MARGIN" value="0.3" />
    <option name="RIGHT_MARGIN" value="0.3" />
    <option name="FOOTER_HEADER_TEXT1" value="$FILE$  [Page $PAGE$ / $TOTALPAGES$ ]" />
    <option name="FOOTER_HEADER_ALIGNMENT1" value="Center" />
    <option name="FOOTER_HEADER_ALIGNMENT2" value="Right" />
    <option name="FOOTER_HEADER_FONT_SIZE" value="9" />
  </component>
</application>